customer_id,credit_score,country,gender,age,tenure,balance,products_number,credit_card,active_member,estimated_salary,churn
15634602,619,France,Female,42,2,0,1,1,1,10134888,1
15647311,608,Spain,Female,41,1,8380786,1,0,1,11254258,0
15619304,502,France,Female,42,8,1596608,3,1,0,11393157,1
15701354,699,France,Female,39,1,0,2,0,0,9382663,0
15737888,850,Spain,Female,43,2,12551082,1,1,1,790841,0
15574012,645,Spain,Male,44,8,11375578,2,1,0,14975671,1
15592531,822,France,Male,50,7,0,2,1,1,100628,0
15656148,376,Germany,Female,29,4,11504674,4,1,0,11934688,1
15792365,501,France,Male,44,4,14205107,2,0,1,749405,0
15592389,684,France,Male,27,2,13460388,1,1,1,7172573,0
15767821,528,France,Male,31,6,10201672,2,0,0,8018112,0
15737173,497,Spain,Male,24,3,0,2,1,0,7639001,0
15632264,476,France,Female,34,10,0,2,1,0,2626098,0
15691483,549,France,Female,25,5,0,2,0,0,19085779,0
15600882,635,Spain,Female,35,7,0,2,1,1,6595165,0
15643966,616,Germany,Male,45,3,14312941,2,0,1,6432726,0
15737452,653,Germany,Male,58,1,13260288,1,1,0,509767,1
15788218,549,Spain,Female,24,9,0,2,1,1,1440641,0
15661507,587,Spain,Male,45,6,0,1,0,0,15868481,0
15568982,726,France,Female,24,6,0,2,1,1,5472403,0
15577657,732,France,Male,41,8,0,2,1,1,17088617,0
15597945,636,Spain,Female,32,8,0,2,1,0,13855546,0
15699309,510,Spain,Female,38,4,0,1,1,0,11891353,1
15725737,669,France,Male,46,3,0,2,0,1,848775,0
15625047,846,France,Female,38,5,0,1,1,1,18761616,0
15738191,577,France,Male,25,3,0,2,0,1,12450829,0
15736816,756,Germany,Male,36,2,13681564,1,1,1,17004195,0
15700772,571,France,Male,44,9,0,2,0,0,3843335,0
15728693,574,Germany,Female,43,3,14134943,1,1,1,10018743,0
15656300,411,France,Male,29,0,5969717,2,1,1,5348321,0
15589475,591,Spain,Female,39,3,0,3,1,0,14046938,1
15706552,533,France,Male,36,7,853117,1,0,1,15673191,0
15750181,553,Germany,Male,41,9,11011254,2,0,0,8189881,0
15659428,520,Spain,Female,42,6,0,2,1,1,3441055,0
15732963,722,Spain,Female,29,9,0,2,1,1,14203307,0
15794171,475,France,Female,45,0,13426404,1,1,0,2782299,1
15788448,490,Spain,Male,31,3,14526023,1,0,1,11406677,0
15729599,804,Spain,Male,33,7,765486,1,0,1,9845345,0
15717426,850,France,Male,36,7,0,1,1,1,408129,0
15585768,582,Germany,Male,41,6,7034948,2,0,1,17807404,0
15619360,472,Spain,Male,40,4,0,1,1,0,7015422,0
15738148,465,France,Female,51,8,12252232,1,0,0,18129765,1
15687946,556,France,Female,61,2,11741935,1,1,1,9415383,0
15755196,834,France,Female,49,2,13139456,1,0,0,19436576,1
15684171,660,Spain,Female,61,5,15593111,1,1,1,15833839,0
15754849,776,Germany,Female,32,4,10942113,2,1,1,12651746,0
15602280,829,Germany,Female,27,9,11204567,1,1,1,11970821,1
15771573,637,Germany,Female,39,9,1378438,1,1,1,1176228,1
15766205,550,Germany,Male,38,2,10339138,1,0,1,9087813,0
15771873,776,Germany,Female,37,2,10376922,2,1,0,19409912,0
15616550,698,Germany,Male,44,10,11636337,2,1,0,19805916,0
15768193,585,Germany,Male,36,5,14605097,2,0,0,8642457,0
15683553,788,France,Female,33,5,0,2,0,0,11697819,0
15702298,655,Germany,Male,41,8,12556197,1,0,0,16404094,1
15569590,601,Germany,Male,42,1,9849572,1,1,0,4001476,1
15760861,619,France,Male,43,1,12521192,1,1,1,11341049,0
15630053,656,France,Male,45,5,1278644,1,1,0,8710757,0
15647091,725,Germany,Male,19,0,758882,1,0,0,4561375,0
15623944,511,Spain,Female,66,4,0,1,1,0,164311,1
15804771,614,France,Male,51,4,4068592,1,1,1,4677528,0
15651280,742,Germany,Male,35,5,136857,1,0,0,8450957,0
15773469,687,Germany,Female,27,9,15232888,2,0,0,12649482,0
15702014,555,Spain,Male,33,1,5608469,2,0,0,17879813,0
15751208,684,Spain,Male,56,8,7870716,1,1,1,9939836,0
15592461,603,Germany,Male,26,4,10916637,1,1,1,9284067,0
15789484,751,Germany,Female,36,6,16983146,2,1,1,2775836,0
15696061,581,Germany,Female,34,1,10163304,1,1,0,11043151,0
15641582,735,Germany,Male,43,10,12318001,2,1,1,19667328,0
15638424,661,Germany,Female,35,5,15072553,2,0,1,11365685,0
15755648,675,France,Female,21,8,9837326,1,1,0,18203,0
15703793,738,Germany,Male,58,2,13374544,4,1,0,2837386,1
15620344,813,France,Male,29,6,0,1,1,0,3395387,0
15812518,657,Spain,Female,37,0,16360718,1,0,1,4420355,0
15779052,604,Germany,Female,25,5,15778084,2,1,1,5842681,0
15770811,519,France,Male,36,9,0,2,0,1,1455624,0
15780961,735,France,Female,21,1,17871819,2,1,0,22388,0
15614049,664,France,Male,55,8,0,2,1,1,13916164,0
15662085,678,France,Female,32,9,0,1,1,1,14821064,0
15575185,757,Spain,Male,33,5,7725322,1,0,1,19423963,0
15803136,416,Germany,Female,41,10,12218966,2,1,0,9830161,0
15706021,665,France,Female,34,1,9664554,2,0,0,17141366,0
15663706,777,France,Female,32,2,0,1,1,0,13645819,1
15641732,543,France,Female,36,3,0,2,0,0,2601959,0
15701164,506,France,Female,34,4,9030762,1,1,1,15923529,0
15738751,493,France,Female,46,4,0,2,1,0,190766,0
15805254,652,Spain,Female,75,10,0,2,1,1,11467575,0
15762418,750,Spain,Male,22,3,12168182,1,1,0,12864335,1
15625759,729,France,Male,30,9,0,2,1,0,15186935,0
15622897,646,France,Female,46,4,0,3,1,0,9325142,1
15767954,635,Germany,Female,28,3,8162367,2,1,1,15679136,0
15757535,647,Spain,Female,44,5,0,3,1,1,17420522,1
15731511,808,France,Male,45,7,11862655,2,1,0,14713246,0
15809248,524,France,Female,36,10,0,2,1,0,10961457,0
15640635,769,France,Male,29,8,0,2,1,1,17229061,0
15676966,730,Spain,Male,42,4,0,2,0,1,8598247,0
15699461,515,Spain,Male,35,10,17627395,1,0,1,12127778,0
15738721,773,Spain,Male,41,9,10282744,1,0,1,6459525,0
15693683,814,Germany,Male,29,8,970864,2,1,1,19727613,0
15604348,710,Spain,Male,22,8,0,2,0,0,9964504,0
15633059,413,France,Male,34,9,0,2,0,0,653418,0
15808582,665,France,Female,40,6,0,1,1,1,16184803,0
15743192,623,France,Female,44,6,0,2,0,0,16716243,0
15580146,738,France,Male,31,9,8267415,1,1,0,4197072,0
15776605,528,Spain,Male,36,7,0,2,1,0,6053656,0
15804919,670,Spain,Female,65,1,0,1,1,1,17765568,1
15613854,622,Spain,Female,46,4,10707327,2,1,1,3098459,1
15599195,582,Germany,Male,32,1,8893862,1,1,1,1005453,0
15812878,785,Germany,Female,36,2,9980685,1,0,1,3697652,0
15602312,605,Spain,Male,33,5,1500928,1,0,0,7186279,0
15744689,479,Germany,Male,35,9,9283389,1,1,0,9944986,1
15803526,685,Germany,Male,30,3,9053681,1,0,1,6308288,0
15665790,538,Germany,Male,39,7,1080551,2,1,0,2723126,0
15715951,562,France,Male,42,2,10023835,1,0,0,8679741,0
15591100,675,Spain,Male,36,9,10619055,1,0,1,2299432,0
15609618,721,Germany,Male,28,9,15447554,2,0,1,10130094,1
15675522,628,Germany,Female,30,9,13235129,2,1,1,7416913,0
15705512,668,Germany,Female,37,6,1678644,1,1,0,11563829,0
15698028,506,France,Female,41,1,0,2,1,0,317663,0
15661670,524,Germany,Female,31,8,10781863,1,1,0,19972539,1
15600781,699,Germany,Male,34,4,18517381,2,1,0,12083448,0
15682472,828,France,Male,34,8,12943334,2,0,0,3813177,0
15580203,674,Spain,Male,39,6,12019342,1,0,0,10013095,0
15690673,656,France,Female,39,6,0,2,1,0,14106988,0
15760085,684,Germany,Female,48,10,12638442,1,1,1,19812936,0
15779659,625,France,Female,28,3,0,1,0,0,18364641,0
15627360,432,France,Male,42,9,15260345,1,1,0,11026524,1
15671137,549,France,Female,52,1,0,1,0,1,863605,1
15782688,625,Germany,Male,56,0,14850724,1,1,0,4682408,1
15575492,828,France,Female,41,7,0,2,1,0,17137877,0
15591607,770,France,Male,24,9,10182707,1,1,0,16725635,0
15740404,758,France,Female,34,3,0,2,1,1,12422616,0
15718369,795,Germany,Female,33,9,13086243,1,1,1,11493521,0
15677871,687,France,Male,38,9,12257087,1,1,1,3560888,0
15642004,686,France,Male,25,1,0,2,0,1,1645937,0
15712543,789,Germany,Male,39,7,12482846,2,1,1,12441108,0
15584518,589,Germany,Female,50,5,14489505,2,1,1,3494123,0
15802381,461,Germany,Female,34,5,6366393,1,0,1,16778428,0
15610156,637,France,Male,40,2,1334631,1,0,1,9316534,0
15594408,584,Spain,Female,48,2,2131462,1,1,0,7516125,1
15640905,579,Spain,Female,35,1,12949036,2,0,1,859083,1
15698932,756,Germany,Male,44,10,13745209,1,1,0,1895439,0
15724944,663,France,Male,34,7,0,2,1,1,18042724,0
15628145,682,France,Female,43,5,12585193,1,1,1,19331833,0
15713483,793,Spain,Male,52,2,0,1,1,0,15912382,1
15612350,691,France,Female,31,5,4091555,1,1,0,12621384,1
15800703,485,Spain,Female,21,5,11315722,1,1,1,541415,0
15705707,635,Spain,Female,29,8,13829694,2,1,0,14107551,0
15754105,650,France,Male,37,5,10696718,1,0,0,2449503,0
15703264,735,France,Male,44,9,12068163,1,1,0,7483634,0
15794413,416,France,Male,32,0,0,2,0,1,87887,0
15650237,754,Spain,Female,32,7,0,2,1,0,8952075,0
15759618,535,France,Female,48,9,0,1,1,0,14989279,1
15811589,716,Spain,Male,42,8,0,2,1,0,18080042,0
15689044,539,France,Male,37,2,12760959,1,1,0,9864622,0
15709368,614,France,Female,43,6,0,2,1,1,10904153,0
15679145,706,Spain,Male,57,7,0,1,1,0,1794116,1
15655007,758,France,Female,33,7,0,2,0,0,8299647,0
15623595,586,Spain,Female,28,2,0,2,1,1,9206735,0
15589975,646,France,Female,73,6,9725925,1,0,1,10471966,0
15804017,631,Germany,Female,33,4,1232467,1,0,0,11268757,0
15692132,717,Spain,Female,22,6,10106025,1,0,1,8469956,0
15641122,684,France,Male,30,2,0,2,1,0,8347382,0
15630910,800,France,Female,49,7,10800736,1,0,0,4712511,0
15680772,721,Spain,Female,36,2,0,2,1,1,1069778,0
15658929,683,Spain,Male,29,0,13370289,1,1,0,5558254,1
15585388,660,Germany,Male,31,9,12518975,2,1,1,13987443,0
15724623,704,Germany,Female,24,7,11303422,1,1,0,16250348,1
15588537,615,Spain,Female,41,9,10901323,1,1,0,19649996,0
15574692,667,Spain,Female,39,2,0,2,1,0,4072124,1
15611325,682,Germany,Male,24,9,5792981,2,0,0,531343,0
15587562,484,France,Female,29,4,13011439,1,1,0,16401789,0
15613172,628,Germany,Male,27,5,9582649,2,1,0,15599696,0
15651022,480,Germany,Male,44,10,12960857,1,1,0,54727,1
15586310,578,France,Male,30,4,16946209,1,1,0,11218711,0
15625524,512,France,Male,40,5,0,2,1,1,14645783,0
15755209,484,Spain,Female,35,7,13386821,1,1,1,272861,0
15645248,510,France,Female,30,0,0,2,1,1,13055347,0
15790355,606,Germany,Male,36,5,19047948,2,0,0,17935189,0
15762615,597,Spain,Female,40,8,10199312,1,0,1,9477412,0
15625426,754,Germany,Female,55,3,16160881,1,1,0,808085,1
15716334,850,Spain,Female,45,2,12231121,1,1,1,194825,0
15789669,510,France,Male,65,2,0,2,1,1,4807161,0
15621075,778,Germany,Female,45,1,16215042,2,1,0,17453127,0
15810845,636,France,Male,42,2,0,2,1,1,5547078,0
15719377,804,France,Female,50,4,0,1,1,1,854687,1
15654506,514,France,Male,32,8,0,2,1,0,9585718,0
15771977,730,France,Female,39,1,9901067,1,1,0,1949458,0
15708710,525,Spain,Female,37,0,0,1,0,1,13152172,0
15726676,616,Spain,Male,30,5,0,2,0,1,19610851,0
15587421,687,Germany,Female,34,7,11138818,2,1,0,14856476,0
15726931,715,France,Female,41,8,5621485,2,0,0,9298261,1
15771086,512,France,Female,36,3,8432777,2,1,0,1767536,0
15756850,479,France,Male,40,1,0,2,0,0,11499643,0
15702741,601,France,Male,32,8,9301289,1,1,0,8695742,0
15679200,580,Spain,Male,29,9,6171044,2,1,0,1280778,0
15594815,807,France,Male,35,3,17479015,1,1,1,60036,0
15635905,616,Spain,Female,32,6,0,2,1,1,4300146,0
15777892,721,Germany,Male,37,3,10772064,1,1,1,15859112,0
15656176,501,France,Male,57,10,0,2,1,1,4784719,0
15811127,521,France,Male,35,6,9642384,1,1,0,1048844,0
15604482,850,Spain,Male,30,2,14104001,1,1,1,59782,0
15622911,759,France,Male,42,4,10542018,1,0,1,12140906,0
15600974,516,Spain,Male,50,5,0,1,0,1,14614593,1
15727868,711,France,Female,38,2,12902206,2,1,1,1437486,1
15627801,512,Spain,Male,33,3,17666662,1,1,0,9467077,0
15773039,550,France,Male,37,3,0,1,1,1,17967031,0
15755262,608,Spain,Female,41,3,8976384,1,0,0,19930474,1
15679531,618,France,Male,34,5,13495453,1,1,1,15195439,0
15684181,643,France,Male,45,5,0,1,1,0,1425135,1
15612087,671,France,Male,45,2,10637685,1,0,1,15826462,0
15752047,689,Germany,Male,33,2,16181464,2,1,0,1693819,0
15624592,603,France,Male,31,8,0,2,1,1,16991502,0
15573152,620,France,Female,41,9,0,2,0,0,8885247,0
15594917,676,France,Female,34,1,6309501,1,1,1,4064581,0
15785542,572,Germany,Male,26,4,11828701,2,0,0,604273,0
15723488,668,Germany,Male,47,7,10685421,1,0,1,15795902,1
15680920,695,France,Male,46,7,4951255,1,1,0,13300734,0
15786308,730,Spain,Female,33,9,0,2,0,0,17657662,0
15659366,807,France,Male,43,1,10579932,2,1,0,3488804,1
15774854,592,France,Male,54,8,0,1,1,1,2873771,1
15725311,726,France,Female,31,9,11472205,2,1,1,9817857,0
15787155,514,Spain,Male,30,7,0,1,0,1,12501024,0
15727829,567,France,Male,42,2,0,2,1,1,16798461,0
15733247,850,France,Male,33,10,0,1,1,0,486172,1
15568748,671,Germany,Male,45,6,9956422,1,1,1,10887245,1
15699029,670,France,Male,37,4,17055791,2,1,0,19825288,0
15774393,694,France,Female,30,9,0,2,1,1,2696031,0
15676895,547,Germany,Female,39,6,7459615,3,1,1,8574652,1
15637753,751,Germany,Male,50,2,9688839,1,1,0,7720625,1
15605461,594,Germany,Female,29,3,13083022,1,1,0,6104853,0
15808473,673,France,Male,72,1,0,2,0,1,11198119,0
15627000,610,France,Male,40,0,0,2,1,0,622326,0
15787174,512,France,Female,37,1,0,2,0,1,15610503,0
15723886,767,Germany,Male,20,3,11971425,2,0,1,15013538,0
15704769,585,France,Female,67,5,11397897,2,0,1,9314611,0
15772896,763,Germany,Male,42,6,10016075,1,1,0,3346294,1
15711540,712,France,Female,29,2,0,1,1,1,144375,0
15764866,539,Germany,Female,43,3,1162205,3,1,0,5580396,1
15794056,668,France,Female,46,2,0,3,1,0,8904846,1
15795149,703,France,Male,28,2,8117383,2,0,1,16281216,0
15812009,662,Spain,Male,38,4,0,2,1,0,13625965,0
15651001,725,Germany,Female,39,5,1168038,1,1,0,12405297,0
15813844,703,France,Male,37,8,10596168,2,0,1,741588,0
15596175,659,Germany,Male,67,6,1174116,1,1,1,4507109,1
15576269,523,Spain,Male,34,7,0,2,1,0,6203006,0
15797219,635,France,Female,40,10,12349758,1,1,0,13195323,1
15685500,772,Germany,Male,26,7,15240051,2,1,0,79414,0
15599792,545,France,Female,26,1,0,2,1,1,19963856,0
15657566,634,Germany,Male,24,8,10309785,1,1,1,15757729,0
15772423,739,Germany,Male,54,8,12641814,1,1,0,13442075,1
15628112,771,Germany,Female,36,5,778469,1,0,0,9980599,0
15753754,587,Spain,Female,34,1,0,2,1,1,9793268,0
15793726,681,France,Female,79,0,0,2,0,1,17096899,0
15694717,544,Germany,Male,37,2,7973191,1,1,1,5755895,0
15665834,696,Spain,Male,28,8,0,1,0,0,17671347,0
15765297,766,Spain,Male,41,0,0,2,0,1,3428323,0
15636684,727,France,Male,34,10,0,2,1,1,19863734,0
15592979,671,Germany,Female,34,6,3726667,2,0,0,15691712,0
15750803,693,France,Female,30,6,12799225,1,1,1,504572,0
15607178,850,Germany,Male,38,3,5490101,1,1,1,14007555,0
15713853,732,Germany,Male,42,9,10874808,2,1,1,6532311,0
15673481,726,Spain,Female,48,6,9990619,1,1,0,6432324,0
15686776,557,France,Female,32,6,18468641,2,1,0,1495644,0
15673693,682,France,Female,26,0,11065402,1,0,1,11187921,0
15700696,738,Spain,Male,31,9,790198,1,1,1,1860623,0
15813163,531,Spain,Female,36,9,9924051,1,1,0,12313701,0
15653857,498,France,Male,34,2,0,2,1,1,14852824,0
15777076,651,France,Male,36,7,0,2,1,0,1389831,0
15717398,549,Spain,Female,39,7,0,1,0,0,8125925,1
15799217,791,Germany,Female,35,7,524362,1,1,0,16105175,0
15787071,650,Spain,Male,41,9,0,2,0,1,19159967,0
15619955,733,Germany,Male,34,3,10033796,3,1,0,4855919,1
15796505,811,Germany,Female,34,1,14929719,2,1,1,18633974,0
15725166,707,France,Male,30,8,0,2,1,0,3315937,0
15800116,712,Germany,Male,28,4,14560544,1,0,1,9388353,0
15758685,706,Spain,Female,37,7,0,2,1,1,1108993,0
15694456,756,France,Male,62,3,0,1,1,1,1119904,1
15767339,777,France,Female,53,10,0,2,1,0,18999297,0
15683562,646,France,Male,35,6,8402686,1,0,1,16425569,0
15782210,714,France,Male,46,1,0,1,1,0,15216779,1
15668893,782,France,Male,39,8,0,2,1,1,3394967,0
15669169,775,Spain,Male,29,10,0,2,1,1,6814393,0
15643024,479,Germany,Male,35,4,13871892,1,1,1,4725179,1
15699389,807,France,Male,42,7,11827471,1,1,1,2588572,0
15708608,799,France,Female,22,8,17418598,2,0,1,19263385,0
15626144,675,France,Male,40,7,11320886,2,1,0,3457736,0
15573112,602,Spain,Male,29,5,10390728,1,1,0,16122984,0
15790678,475,France,Female,32,8,11902328,1,1,0,10081629,0
15727556,744,Spain,Female,26,5,16629789,1,1,1,18169444,0
15697307,588,Spain,Male,34,10,0,2,1,0,7907891,0
15652266,703,Germany,Male,42,9,63227,1,0,1,13731632,0
15607098,747,Spain,Female,41,5,9452117,2,1,0,19492686,0
15655774,583,France,Male,27,7,0,2,1,0,5128549,0
15590241,750,Spain,Female,34,9,11282226,1,0,0,15040153,1
15785819,681,France,Male,38,3,0,2,1,1,11249196,0
15723654,773,France,Male,25,2,13590333,1,1,0,7365638,0
15774510,714,France,Female,31,4,12516926,1,1,1,10663689,0
15684173,687,Spain,Female,44,7,0,3,1,0,15585352,1
15650068,511,France,Male,58,0,14911731,1,1,1,16259951,0
15811490,627,France,Male,33,5,0,2,1,1,10373782,0
15803976,694,France,Female,31,10,0,2,1,0,16099027,0
15682541,616,Spain,Female,36,6,13231171,1,0,0,1546284,0
15695699,687,France,Male,35,8,0,2,1,0,1033405,0
15624188,712,France,Female,33,6,0,2,1,1,19068616,0
15812191,553,France,Male,33,4,11808289,1,0,0,9444045,0
15636673,667,France,Male,31,1,11926669,1,1,1,2825763,0
15594898,731,France,Male,43,2,0,1,1,1,17003495,1
15660211,629,Germany,Male,35,7,15684729,2,1,0,3182429,0
15773972,614,France,Male,50,4,13710447,1,1,0,12716649,1
15746726,438,Germany,Male,31,8,7839869,1,1,0,4493701,0
15712287,652,France,Female,80,4,0,2,1,1,18860307,0
15702919,729,Germany,Male,30,6,6366942,1,1,0,14511137,0
15674398,642,France,Male,38,3,0,2,0,0,17146383,0
15797960,806,Germany,Female,59,0,13529633,1,1,0,1828225,0
15631868,744,Spain,Male,36,2,15380444,1,1,1,8721333,0
15581539,474,Spain,Male,37,3,0,2,0,0,5717532,0
15662736,559,France,Male,49,2,14706978,1,1,0,12054083,1
15666252,706,Spain,Male,42,9,0,2,1,1,2871434,0
15677512,628,Spain,Female,22,3,0,1,1,0,8542628,0
15626114,429,France,Male,24,4,9574175,1,1,0,4617075,0
15810834,525,Spain,Female,57,2,14596533,1,1,1,6444836,0
15678910,680,France,Female,30,8,14144175,1,1,1,1627897,0
15694408,749,France,Male,40,1,13929041,1,1,0,18285542,1
15585215,763,France,Female,31,4,0,2,0,0,5040472,0
15682757,734,France,Male,30,3,0,2,1,0,10764025,0
15736601,716,France,Male,35,4,14442887,1,1,0,13413265,0
15601848,594,France,Male,35,2,0,2,1,0,10348069,0
15736008,644,France,Female,46,9,9544127,1,1,0,10876105,1
15669064,671,Germany,Male,35,1,14484874,1,1,1,1790123,0
15624528,664,Germany,Male,26,7,11624414,2,1,1,9514514,0
15598493,656,France,Male,50,7,0,2,0,1,7214344,0
15601274,667,Spain,Female,40,1,14650207,1,1,0,1916289,0
15702669,663,Germany,Male,44,2,1170286,2,0,1,14468018,0
15728669,584,Germany,Female,30,8,11201381,1,1,0,17777203,1
15742668,626,Spain,Female,37,6,10826937,1,1,0,559794,0
15697441,485,France,Male,29,7,18212379,1,1,0,11682851,1
15740476,659,Germany,Female,32,3,15092374,2,0,1,17465251,0
15648064,649,France,Male,33,2,0,2,1,0,201098,0
15636624,805,Spain,Female,39,5,16527213,1,1,0,1410985,1
15807923,716,Germany,Female,39,10,11530131,1,1,0,435274,1
15745844,642,Germany,Female,40,6,12950249,2,0,1,8609923,1
15786170,659,France,Male,31,4,11834226,1,0,0,16157419,0
15681081,545,Spain,Female,47,5,0,2,1,1,3897014,0
15684484,543,France,Male,22,8,0,2,0,0,12758722,0
15785869,718,France,Female,25,7,0,2,1,0,3038012,0
15763859,840,France,Female,43,7,0,2,1,0,9090895,0
15658935,630,Germany,Female,34,9,10693705,2,1,0,13827501,0
15747358,643,Germany,Male,59,3,17033137,1,1,1,3217179,0
15735203,654,Germany,Female,32,1,11451085,1,1,1,12614323,0
15576256,582,France,Male,39,5,0,2,1,1,12989293,0
15659420,659,Spain,Male,32,3,10759411,2,1,1,10241684,0
15593365,762,Spain,Male,39,2,8127313,1,1,1,1871967,0
15777352,568,Spain,Female,32,7,1693996,1,1,0,6193622,0
15812007,670,Spain,Male,25,6,0,2,1,1,7835894,0
15625461,613,France,Female,45,1,18784199,2,1,1,14722427,0
15739438,539,France,Male,30,0,0,2,1,0,16097966,0
15611759,850,Spain,Female,57,8,1267763,2,1,1,13229849,0
15661629,522,Spain,Male,34,9,12643629,1,1,0,17424852,1
15633950,737,France,Male,41,1,10196074,1,1,1,12354728,0
15592386,520,France,Male,58,3,0,2,0,1,3279002,0
15803716,706,Spain,Male,28,3,0,2,0,1,18154367,0
15696674,643,Germany,Female,45,2,15084293,1,0,1,231996,1
15706365,648,France,Female,50,9,10253557,1,1,1,18954319,0
15745088,443,Germany,Female,29,9,9902761,2,1,0,109404,0
15676715,640,France,Male,68,9,0,2,1,1,19949338,0
15613085,628,Spain,Female,33,3,0,1,1,1,18819325,0
15633537,540,Germany,Female,42,9,8727141,2,1,0,17257264,0
15594720,460,Germany,Female,35,8,10274291,2,1,1,1893396,0
15684042,636,Germany,Male,34,2,4010551,2,0,1,5351216,0
15583303,593,France,Female,29,2,15226543,1,1,0,3400444,0
15611579,801,Spain,Male,42,4,14194767,1,1,1,1059829,0
15774696,640,Germany,Female,75,1,10630791,2,0,1,11342877,0
15694506,611,Germany,Male,31,0,10788481,2,1,1,18348798,0
15688074,802,Germany,Male,31,1,12501372,1,1,1,18765809,0
15759537,717,Germany,Male,35,7,5846937,2,1,1,17245939,0
15758449,769,France,Female,39,8,0,1,0,1,21016,0
15583456,745,Germany,Male,45,10,11723163,3,1,1,12238102,1
15667871,572,Spain,Male,35,4,15239026,1,1,0,12812366,0
15677371,629,Spain,Female,30,2,3401363,1,1,0,1957063,0
15629677,687,Spain,Female,39,2,0,3,0,0,1881506,1
15713578,483,France,Female,50,9,0,2,1,1,11102024,0
15591509,690,France,Male,36,7,10158311,2,1,0,12377515,0
15568240,492,Germany,Female,30,10,7716887,2,0,1,14670022,0
15622993,709,Germany,Male,28,8,12469572,2,1,0,14525135,0
15689294,705,Germany,Male,44,3,10593496,1,1,0,8246369,0
15720910,560,France,Female,66,9,0,1,1,1,1592849,0
15721181,611,Spain,Male,46,6,0,2,1,0,4588633,0
15776433,730,Spain,Male,62,2,0,2,1,1,18648995,0
15748936,709,Spain,Female,45,2,0,2,0,1,16292265,0
15717225,544,France,Female,21,10,16152596,2,1,0,926277,0
15685226,712,Germany,Female,29,7,14719907,1,1,1,849324,0
15785611,752,Germany,Male,38,3,18310229,1,1,1,7155712,0
15573456,648,Spain,Male,46,9,127209,2,1,0,7740595,1
15684548,556,Spain,Male,38,8,0,2,0,0,41741,1
15620505,594,Spain,Female,24,0,9737854,1,1,1,7140517,0
15807432,645,Germany,Female,37,2,13692509,2,0,1,15340024,0
15584766,557,France,Male,33,3,5450355,1,1,1,37105,0
15612187,547,Germany,Male,32,8,15572685,1,1,0,6778999,0
15762218,701,France,Female,39,9,0,2,0,1,1458949,0
15646372,616,France,Female,66,1,13584241,1,1,0,18384051,1
15690452,605,France,Male,52,1,6334975,1,1,0,10888744,0
15747795,593,Germany,Female,38,4,12949942,1,1,1,15407127,0
15781589,751,Spain,Male,52,8,0,2,0,1,17929185,0
15732674,443,Spain,Male,36,6,7043801,2,0,1,5693743,0
15642291,685,France,Male,23,8,0,2,1,1,11223903,0
15692761,718,France,Male,36,9,0,1,1,0,4590987,0
15578045,538,Spain,Female,49,9,14143404,1,0,0,17377925,1
15745354,611,Spain,Female,37,4,0,2,1,0,12569626,0
15701376,668,Germany,Male,37,10,15295829,2,1,1,15958561,0
15691625,537,Germany,Female,41,3,13830634,1,1,0,10676147,0
15566594,709,Spain,Male,23,10,0,2,0,0,12959018,0
15760431,850,France,Male,38,1,0,2,1,1,8000665,0
15686302,745,Spain,Female,31,3,12432884,1,1,1,14045152,0
15801559,693,Germany,Female,41,9,18146148,3,1,1,18792943,1
15810432,795,Spain,Male,35,8,0,2,1,0,16715536,0
15809616,626,Spain,Male,26,8,0,2,0,0,19142071,0
15720559,487,Germany,Female,61,5,11036803,1,0,0,1138445,1
15695632,556,France,Female,39,9,8958835,1,1,1,948981,0
15659843,643,France,Female,46,6,0,2,0,0,10678159,0
15615624,605,France,Female,28,6,0,2,0,0,15950852,0
15810418,756,Germany,Female,60,3,11592489,1,1,0,9352419,1
15716186,586,France,Female,38,2,0,2,1,0,8716846,0
15674551,535,Germany,Male,40,7,1117565,1,1,0,812832,1
15622834,678,France,Female,35,4,0,1,1,0,12551832,0
15566111,596,France,Male,39,9,0,1,1,0,4896359,0
15784597,648,France,Male,26,9,16292385,1,1,0,9836824,0
15652883,492,Germany,Male,39,10,12457665,2,1,0,14858461,0
15806964,702,France,Male,45,0,8079358,1,1,1,2747481,0
15576313,486,Germany,Female,40,9,7134009,1,1,0,7619221,0
15806467,568,Germany,Male,40,1,9928263,1,0,0,13460094,1
15597602,619,Germany,Male,57,3,13794639,1,1,1,7246799,1
15743040,724,Germany,Male,41,2,12789257,2,0,1,19964545,0
15705521,548,Germany,Female,33,0,10108436,1,1,0,4274985,0
15595039,545,Germany,Female,37,8,11475408,1,1,0,13605044,1
15799384,683,France,Male,33,8,0,1,0,0,7356444,0
15581197,762,France,Female,51,3,9928698,1,0,1,8557863,0
15693737,627,Germany,Female,30,4,7987102,2,1,0,12982689,0
15624623,516,France,Male,35,10,10408859,2,0,0,119666,0
15783501,800,France,Female,38,2,16819033,2,1,0,6805208,0
15690134,464,Germany,Female,42,3,8567925,1,1,1,16410474,0
15782735,626,France,Female,35,3,0,1,0,0,8019036,0
15611088,790,France,Female,31,9,0,2,1,0,8412675,0
15672145,534,France,Female,34,7,12155158,2,1,1,70179,0
15732628,745,France,Male,46,2,12222019,1,1,1,1180241,0
15787470,553,Spain,Male,47,3,11652815,1,0,0,14570419,1
15803406,748,France,Female,26,1,7778029,1,0,1,18304941,0
15730460,722,France,Male,37,2,0,1,0,0,12090683,0
15644572,501,France,Male,40,4,1258322,1,1,1,10043383,0
15694860,675,France,Female,38,6,680658,1,0,0,138777,1
15658169,778,Spain,Female,47,6,12729934,2,1,0,12469499,0
15794396,494,Germany,Female,38,7,17493764,1,1,0,4008432,0
15785798,850,France,Male,40,9,0,2,0,1,11923233,0
15710825,592,Spain,Male,31,7,1100711,1,0,0,4392136,0
15668444,590,Spain,Female,44,3,13943237,1,1,0,6222281,0
15726631,758,France,Female,39,6,12735776,1,0,1,56577,0
15733797,506,France,Male,36,5,0,2,1,0,16425335,0
15747960,733,France,Male,33,3,0,1,1,1,766673,0
15634632,711,France,Male,38,3,0,2,1,0,6848751,0
15707362,514,Germany,Male,43,1,9555631,1,0,1,19927398,1
15662976,637,Spain,Male,37,8,0,1,1,1,18606236,0
15732778,468,Germany,Male,29,1,11168198,2,1,1,19571116,0
15718443,539,France,Male,39,3,0,2,1,0,3669217,0
15670039,509,Spain,Female,25,3,10873871,2,1,0,10692057,0
15773792,662,France,Female,32,4,13395037,1,1,1,4872568,1
15613786,818,Spain,Male,26,4,0,2,1,1,16703694,0
15726032,608,France,Male,33,9,8996869,1,1,0,6877726,0
15663252,850,Spain,Female,32,9,0,2,1,1,1892492,0
15593782,816,Germany,Female,38,5,13087875,3,1,0,7190577,1
15633283,536,France,Male,35,8,0,2,1,0,6483328,0
15749167,753,France,Male,35,3,0,2,1,1,18484377,0
15759298,631,Spain,Male,27,10,13416962,1,1,1,17673002,0
15683625,703,France,Male,37,1,14976208,1,1,0,206294,1
15635367,774,France,Male,26,2,9384469,1,1,0,2841536,0
15681705,785,France,Male,28,8,0,2,1,0,7723127,0
15603156,571,France,Female,33,1,0,2,1,0,1027507,0
15591986,621,Germany,Male,46,6,14107837,1,0,0,345808,1
15798888,605,Germany,Female,31,1,11799259,1,1,1,18359877,0
15809722,611,France,Female,40,8,10081233,2,1,0,14735827,0
15677538,569,France,Male,38,7,0,1,1,1,1084692,0
15797736,658,France,Male,29,4,802626,1,1,1,2061282,0
15695585,788,Spain,Male,34,6,15647862,1,0,1,18119676,0
15744398,525,France,Female,23,5,0,2,1,0,1602491,0
15750658,798,France,Male,37,8,0,3,0,0,11078328,0
15578186,486,Germany,Male,37,9,11521799,2,1,0,14499533,0
15676519,615,Spain,Male,61,9,0,2,1,0,15022785,1
15637954,730,France,Female,35,0,15547055,1,1,1,5371828,0
15758639,641,France,Male,37,7,0,2,1,0,752483,0
15613772,542,France,Male,39,3,13509677,1,1,1,1435343,1
15731744,692,France,Male,30,2,0,2,0,1,13048657,0
15807709,714,Germany,Female,55,9,18007522,1,1,1,10012771,0
15714689,591,Spain,Male,29,1,9754124,1,1,1,19635617,0
15699005,710,France,Female,41,2,15606705,1,1,1,998388,0
15624170,639,France,Female,38,4,8155094,2,0,1,11897477,0
15725679,531,France,Female,47,6,0,1,0,0,19499834,1
15585865,673,France,Female,38,2,17006192,2,0,0,13490134,1
15804256,765,Germany,Male,36,8,9231054,2,1,1,7292456,0
15662403,622,France,Female,32,6,16908938,2,1,0,10105795,0
15733616,806,France,Male,40,5,8061393,1,1,1,14283864,0
15591995,757,Germany,Male,26,8,12158156,2,1,1,12705904,0
15677020,570,France,Female,58,8,0,1,0,1,11650392,1
15727688,555,Spain,Male,32,4,0,2,1,1,5440579,0
15715941,692,France,Male,54,5,0,2,1,1,8872184,0
15714485,774,France,Male,60,5,8589155,1,1,0,7413548,1
15730059,638,Spain,Male,44,9,7763735,2,1,1,11134622,0
15715527,543,Spain,Female,41,4,0,1,0,0,19490216,0
15576623,584,France,Male,31,5,0,2,1,0,3147427,0
15805565,691,Germany,Male,30,7,11692789,1,1,0,2119839,0
15677307,684,Germany,Female,40,6,13732665,1,1,0,1869766,0
15773890,733,France,Male,22,5,0,2,1,1,11720219,0
15598883,599,Spain,Female,37,2,0,2,1,1,14373929,0
15568506,524,Germany,Female,31,10,6723898,2,1,1,16181123,0
15761043,632,Germany,Female,38,6,8656976,2,1,0,9809091,0
15782236,735,Spain,Male,34,5,0,2,0,0,7109541,0
15593601,734,France,Male,34,6,1335984,1,1,1,1310724,0
15682048,605,France,Female,51,3,13618878,1,1,1,6711059,1
15746902,793,Spain,Male,38,9,0,2,1,0,8822502,0
15752081,468,France,Female,56,10,0,3,0,1,6225687,1
15781307,779,Germany,Male,37,7,12009252,2,1,0,13592572,0
15775912,698,France,Male,48,4,10123824,2,0,1,17781587,1
15745417,707,France,Male,58,6,8968592,1,0,1,12647113,0
15671256,850,France,Female,35,1,21177431,1,1,0,18857412,1
15653547,850,France,Male,56,7,13131748,1,1,1,11917545,0
15595766,527,Spain,Male,37,5,9372273,2,1,1,13909373,0
15742358,696,Germany,Male,32,8,10116099,1,1,1,11591655,0
15763274,661,France,Male,48,3,12032054,1,0,0,9646325,0
15786063,776,France,Female,31,2,0,2,1,1,11234951,0
15600258,701,France,Male,43,2,0,2,1,1,16530379,0
15573318,610,France,Male,26,8,0,2,1,0,16603108,0
15653849,572,Germany,Female,48,3,15282799,1,1,0,3841179,1
15694272,673,France,Male,30,1,6409775,1,1,1,7778335,0
15736112,519,Spain,Female,57,2,11903535,2,1,1,2987179,0
15749851,702,Spain,Female,26,4,13521957,1,0,1,5974763,0
15663478,729,France,Male,32,6,9369442,1,1,1,7991913,0
15592300,543,Spain,Male,35,10,5940863,1,1,0,7677353,0
15567832,550,France,Female,40,7,11435495,1,1,0,5401893,0
15776780,608,France,Male,59,1,0,1,1,0,7064964,1
15592846,639,Germany,Male,35,10,1281739,2,1,0,5909339,0
15739803,686,Spain,Male,34,9,0,2,1,0,1275698,0
15794142,564,Germany,Female,62,5,11493135,3,0,1,1826098,1
15762729,745,Germany,Female,28,1,11107136,1,1,0,7327596,1
15667896,833,France,Male,37,8,15122618,2,1,1,13612949,0
15626578,622,France,Male,26,9,0,2,1,1,15323759,0
15776223,597,France,Female,42,4,6474012,1,1,1,10684112,0
15705953,721,Spain,Male,51,0,16931213,1,1,0,10907835,1
15802593,504,France,Female,49,7,0,3,0,1,8782214,1
15615457,842,Spain,Female,44,2,11265208,2,1,0,12664498,0
15708916,587,France,Male,38,0,0,2,1,0,4741415,0
15720187,479,Germany,Female,30,7,14396436,2,1,0,4187999,0
15595440,508,France,Male,49,7,12245146,2,1,1,758081,0
15600651,749,France,Male,24,1,0,3,1,1,4791103,0
15750141,721,Germany,Female,36,3,6525307,2,1,0,2873778,0
15657284,674,Germany,Male,47,6,10690194,1,1,1,20792,1
15763063,685,Spain,Female,25,10,12850963,1,1,0,12156233,0
15709324,417,France,Male,34,7,0,2,1,0,5500379,0
15711309,574,Germany,Male,33,3,12983467,1,1,0,19313142,0
15775318,590,Spain,Female,51,3,15496299,3,0,1,19193227,1
15705515,587,Germany,Male,40,5,1382419,2,1,0,1594181,0
15634844,598,Germany,Male,41,3,9153693,1,1,0,19146878,1
15717046,741,Spain,Male,53,3,0,2,1,1,3891368,0
15571816,850,Spain,Female,70,5,0,1,1,1,70518,0
15670080,584,Germany,Female,29,7,10520401,1,0,1,13849003,0
15800440,650,Spain,Male,61,1,15296873,1,0,1,8297069,0
15665678,607,Spain,Male,36,8,15826168,1,1,1,7674472,0
15665956,509,France,Female,46,1,0,1,1,0,7124459,1
15788126,689,Spain,Female,38,6,12102105,1,1,1,1218215,0
15811773,543,France,Male,36,4,0,2,1,1,1412105,0
15651674,438,Spain,Female,54,2,0,1,0,0,19176307,1
15689614,687,Spain,Female,63,1,13771566,1,1,1,3793874,0
15795564,737,Germany,Male,31,5,12119222,2,1,1,7489058,0
15706647,761,France,Male,31,7,0,3,1,1,16669818,0
15728505,601,France,Male,44,1,10048618,2,1,1,6267853,0
15730076,651,France,Male,45,1,0,1,1,0,6774008,1
15622003,745,France,Male,35,9,9256653,2,1,0,16151977,0
15607312,648,Spain,Female,49,10,0,2,1,1,15983578,1
15644753,848,Spain,Male,40,3,11092996,1,1,1,3087684,0
15653620,546,France,Female,27,8,0,2,1,1,148581,0
15761986,439,Spain,Female,32,3,13890161,1,1,0,7568597,0
15633922,755,France,Male,30,4,12321766,2,0,1,1441831,0
15734674,593,France,Female,41,6,0,1,1,0,6517066,0
15658032,701,France,Male,39,2,0,2,1,1,8252692,0
15692671,701,Spain,Male,36,8,0,2,1,0,16916146,0
15737741,607,Spain,Female,33,2,10843187,2,0,1,10929139,1
15576352,586,Spain,Female,57,3,0,2,0,1,605781,0
15753719,547,Germany,Female,30,9,7239241,1,1,0,7707714,0
15803689,647,Germany,Female,51,1,11974177,2,0,0,5495451,1
15718057,760,France,Female,51,2,10094671,1,0,0,1796148,1
15722010,621,Spain,Male,53,9,17049184,1,1,0,3558807,1
15680998,725,France,Male,44,5,0,1,1,1,11735614,0
15614782,526,France,Male,36,1,0,1,1,0,16069672,0
15591047,519,Spain,Female,47,6,15729602,2,0,0,14727843,1
15788291,713,Germany,Female,38,7,14460622,1,1,1,5659436,1
15604044,700,France,Male,38,8,1348113,1,1,0,129975,0
15679587,666,France,Female,34,9,11589712,1,1,1,2509503,0
15775153,630,Spain,Male,32,4,82034,1,0,0,14632645,0
15603925,779,Spain,Female,26,4,17431813,2,0,1,3829621,0
15680970,611,Germany,Female,41,2,11420684,1,1,0,1640616,0
15697183,685,Spain,Male,43,9,0,2,1,0,10781128,0
15567446,646,Germany,Male,39,9,11157441,1,1,1,3083851,0
15637476,683,Germany,Female,57,5,16244869,1,0,0,922178,1
15714939,484,Germany,Female,34,4,14824954,1,0,1,3373827,0
15683503,601,France,Female,43,8,0,3,0,1,11091615,1
15645569,762,Spain,Female,26,7,12370946,2,1,1,16965457,0
15782569,687,France,Female,72,9,0,1,0,1,698294,0
15592387,566,France,Male,30,5,0,1,1,0,5492651,1
15609286,702,France,Male,37,10,1505258,1,1,1,9472849,0
15814035,601,France,Male,29,9,0,1,1,1,8039327,0
15661249,699,France,Male,53,4,0,2,0,1,11130798,0
15629117,584,France,Male,28,10,0,2,1,0,1983432,0
15607170,699,France,Male,35,5,0,2,1,1,7839724,0
15586585,698,Germany,Female,51,2,11101898,1,1,0,8641028,0
15686611,495,France,Male,30,10,12975599,1,0,0,17274965,0
15603203,650,France,Female,27,6,0,2,1,0,100239,0
15619857,605,France,Female,64,2,1295557,1,1,1,1360179,0
15805062,667,Spain,Male,38,1,8720238,1,1,1,7786691,0
15660271,688,Germany,Male,26,8,14613339,1,1,1,17529676,0
15745295,727,Spain,Female,31,0,0,1,1,0,12175104,1
15719352,754,Spain,Male,39,6,17018499,2,1,0,8959326,0
15766575,612,Germany,Female,62,8,14074533,1,1,0,19343789,1
15594594,546,Spain,Male,42,7,13907051,1,1,1,86945,0
15646161,673,Spain,Female,37,8,0,2,1,1,18331879,0
15682585,593,France,Male,35,9,11419324,1,1,0,711541,0
15603134,656,Spain,Female,40,10,1678785,1,0,1,15188716,0
15636444,535,Germany,Female,53,5,14161655,2,1,1,7588865,0
15773456,678,Germany,Male,36,3,14574767,2,0,1,8956674,0
15745307,477,Spain,Female,48,2,12912064,1,0,1,2647579,0
15604119,850,Spain,Male,35,7,11034982,1,0,0,1263558,0
15626900,427,France,Male,29,1,14132556,1,1,1,938393,0
15605447,752,France,Male,49,2,7865384,1,1,0,76986,0
15589030,649,France,Male,47,1,0,2,1,1,14559385,0
15692463,799,Spain,Female,28,3,14225365,1,1,0,4504256,0
15712403,589,France,Female,61,1,0,1,1,0,6110856,1
15811762,583,Germany,Female,54,6,11598886,1,1,0,5755398,1
15718673,839,Spain,Female,33,10,7559243,1,1,0,6267442,0
15724282,540,Germany,Male,44,3,16411304,2,1,1,1212079,0
15738181,850,France,Male,31,6,6799623,2,0,0,5012987,1
15633648,696,Spain,Female,51,5,0,2,1,0,5502243,0
15603323,660,Spain,Female,33,1,0,2,0,0,11783491,0
15583725,682,France,Male,48,1,13877815,1,0,1,16884023,0
15588350,744,France,Female,43,10,14783215,1,0,1,2423411,0
15798398,785,France,Female,36,4,1354384,1,0,0,19062701,0
15784844,752,Spain,Male,48,5,11606008,1,1,0,15661838,1
15580684,706,France,Female,29,5,11256462,1,1,0,4233438,0
15809663,583,France,Female,27,1,12540658,1,1,1,11078442,0
15640078,660,Germany,Female,39,5,13513499,1,1,0,173683,1
15698786,819,France,Female,39,9,13310292,1,1,0,2704646,1
15569807,673,France,Female,34,8,4215708,1,1,0,2059859,1
15730830,752,France,Female,30,3,0,2,1,1,10499128,0
15805112,578,France,Male,38,7,8225929,1,1,0,899697,0
15633064,438,France,Female,36,4,0,2,1,0,644205,0
15703119,652,France,Male,38,6,0,2,1,1,14570022,0
15730447,629,France,Female,49,4,0,2,1,1,19633548,0
15813850,720,France,Male,52,7,0,1,1,1,1478112,0
15711889,668,France,Male,42,3,15046107,1,1,0,10813923,0
15664610,459,Germany,Male,48,4,13399452,1,1,1,1928706,1
15751710,729,Spain,Male,31,8,16487081,2,1,1,956739,0
15692926,498,Germany,Male,25,8,12170273,1,1,1,13221049,0
15813741,549,Spain,Male,25,6,1938582,1,0,1,2160011,0
15698474,601,Germany,Female,54,1,13103997,2,1,1,1996615,0
15568595,544,France,Male,64,9,11382945,1,1,1,12434149,0
15603065,751,France,Female,30,6,0,2,1,0,157661,0
15592937,632,Germany,Female,41,3,8187738,1,1,1,3364221,0
15699637,694,Spain,Male,57,8,11632607,1,1,1,11770465,0
15667215,678,France,Male,31,2,0,2,1,1,5880328,0
15788659,695,France,Male,46,4,0,2,1,1,13753722,0
15763218,661,France,Female,41,1,0,2,0,1,13130068,0
15645772,661,France,Male,33,9,0,2,1,1,8417481,0
15725511,559,France,Female,31,3,12707073,1,0,1,16094178,0
15575024,503,France,Male,29,3,0,2,1,1,14395499,0
15640825,695,Spain,Male,46,3,12254964,1,1,1,5629785,0
15662397,640,France,Female,42,5,17609913,1,1,1,840473,0
15576368,624,Germany,Female,48,3,12238838,2,0,0,3002009,0
15674991,667,France,Male,42,9,0,2,0,1,5813742,0
15721024,642,France,Male,26,0,0,1,0,0,4747268,0
15745621,640,Spain,Female,32,6,11887935,2,1,1,1913171,0
15642394,529,Spain,Male,35,5,0,2,1,1,1872885,0
15754605,563,France,Female,39,5,0,2,1,1,1760381,0
15607040,593,Spain,Female,38,4,8873644,2,1,0,6702003,0
15715142,739,Germany,Male,45,7,10270362,1,0,1,14780294,1
15810978,788,Spain,Female,70,1,0,2,1,1,4161062,0
15668886,684,Spain,Female,38,3,0,2,1,0,4425565,0
15780804,482,France,Male,55,5,9731825,1,0,1,7841614,0
15613880,591,Spain,Male,58,5,12846869,1,0,1,13725455,0
15775238,651,Germany,Female,41,4,13343259,1,0,1,15130348,0
15786905,749,Germany,Female,40,8,14178257,2,0,0,8633363,0
15747867,583,France,Male,24,9,13512528,1,0,0,898019,0
15600337,661,Spain,Male,42,2,17882091,1,0,0,2935857,1
15801277,715,France,Female,31,2,11221214,2,1,1,18160072,0
15579334,769,Germany,Female,45,5,12667481,1,1,0,12411871,1
15802741,625,France,Female,51,7,13629497,1,1,0,3886746,1
15720649,641,France,Female,36,5,6639264,1,1,0,3110667,0
15589493,716,Germany,Male,27,1,12255234,2,1,0,6761136,0
15688251,767,France,Male,43,1,7640885,2,1,0,7783763,0
15665238,745,Germany,Male,36,8,14507124,1,0,0,607846,0
15740900,589,France,Male,34,6,0,2,1,1,17789692,0
15681068,796,France,Female,45,2,10973022,1,1,1,12388273,0
15748625,664,France,Male,57,6,0,2,1,1,1530408,0
15727299,445,Spain,Male,62,1,6411938,1,1,1,7656964,1
15620204,543,Germany,Female,57,1,10613833,2,1,1,12065732,1
15669516,746,Spain,Male,36,2,0,2,1,1,1643656,0
15736534,742,Germany,Male,33,0,18165651,1,1,1,10766791,0
15803457,750,France,Female,32,5,0,2,1,0,9561147,0
15659098,669,France,Male,30,7,9512886,1,0,0,1979926,0
15603436,594,Spain,Female,49,2,12661594,2,0,1,12321474,0
15566292,574,Spain,Male,36,1,0,2,0,1,7170912,0
15808621,659,Germany,Male,36,2,7619048,2,1,1,14906614,0
15580148,750,Germany,Male,40,5,16828681,3,1,0,2045199,1
15776231,626,Germany,Male,35,4,8810981,1,1,1,328255,0
15773809,620,France,Male,42,4,0,2,1,0,623231,0
15649423,580,France,Female,35,8,0,2,0,1,1035703,0
15734886,686,France,Female,34,3,12397151,2,1,0,14779463,0
15722548,540,France,Male,48,0,14811648,1,0,0,11697348,0
15650288,634,Germany,Male,35,6,11626901,1,1,0,12996494,0
15629448,632,Spain,Male,38,1,12059921,1,1,0,9281686,0
15716164,501,France,Female,41,3,1442605,1,1,0,17211467,0
15807609,650,Spain,Female,25,3,866055,3,1,0,1664931,1
15578977,786,France,Male,34,9,0,2,1,0,14451719,0
15677369,554,Germany,Female,37,4,5862997,1,0,0,1820386,0
15804072,701,Spain,Female,42,5,0,2,0,0,2421056,0
15696859,474,France,Male,45,10,0,2,0,0,1721759,0
15653780,621,France,Female,43,5,0,1,1,1,4757845,0
15721658,672,Spain,Female,56,2,20976731,2,1,1,15069442,1
15578761,459,Spain,Female,42,6,12963425,2,1,1,17768302,1
15736879,669,France,Male,23,1,0,2,0,0,6608883,0
15571973,776,France,Female,38,2,16982446,1,1,0,1692917,0
15626742,694,France,Male,36,3,9753025,1,1,1,11714041,0
15672692,787,France,Female,42,10,14598865,2,1,1,7951037,0
15673570,580,France,Male,37,9,0,2,0,1,7710866,0
15767432,711,France,Female,25,7,0,3,1,1,967928,0
15654238,673,France,Female,40,5,13749428,1,1,0,8175392,0
15612525,499,France,Female,57,1,0,1,0,0,13137238,1
15812750,591,France,Male,24,6,147360,1,1,1,2531082,0
15790757,769,France,Female,25,10,0,2,0,0,18792575,0
15723873,657,Spain,Male,31,3,12516702,1,0,0,9882039,0
15744607,738,Germany,Male,43,9,12115205,2,1,0,641667,1
15612966,545,Germany,Female,60,7,12898107,1,0,1,17692421,1
15784209,497,France,Male,47,6,0,1,1,1,9005508,0
15794278,816,Spain,Male,67,6,15185898,1,1,1,7281431,0
15766741,525,France,Male,36,2,1146284,1,0,1,16829006,0
15661036,725,France,Male,46,6,0,2,1,0,16176738,0
15705639,692,France,Female,28,8,9505902,2,1,0,4442018,0
15637414,618,France,Female,24,7,12873639,1,0,1,3714761,0
15716835,546,France,Male,24,8,15632538,1,1,1,12538102,0
15696231,635,France,Male,29,7,10540597,1,1,1,14985389,0
15641675,611,France,Female,49,2,8891537,3,0,0,16143502,1
15670755,650,France,Male,60,8,0,2,1,1,10292576,0
15640059,606,France,Male,40,5,0,2,1,1,7089927,0
15787619,844,France,Male,18,2,16098003,1,0,0,14593628,0
15587535,450,Spain,Female,46,5,17761971,1,1,0,5422706,0
15813034,727,Spain,Male,38,2,6227699,1,1,1,5928079,0
15698839,460,Germany,Male,46,4,12755997,2,1,1,1269525,0
15790314,649,France,Male,41,0,0,2,0,1,13056702,0
15634245,758,Germany,Female,47,9,9552316,1,1,0,7329448,0
15677305,490,France,Female,35,7,10774903,1,1,1,393737,0
15661526,815,Germany,Male,37,2,11077726,2,1,0,238359,0
15685997,838,Spain,Female,39,5,16673392,2,1,0,1427944,0
15660101,803,France,Male,31,9,15712086,2,1,0,14130053,0
15637979,664,Germany,Female,36,2,12716078,2,1,0,7814075,0
15815364,736,Spain,Female,28,2,0,2,1,1,1174311,0
15647099,633,France,Female,37,9,15609197,1,1,0,7200861,0
15625944,664,France,Male,58,5,9866818,1,1,1,6088758,0
15583212,600,France,Female,43,5,13402206,1,1,0,19476483,0
15582741,693,France,Female,35,5,12415109,1,1,0,8870514,1
15637876,663,Germany,Female,36,6,772535,1,0,0,3581797,1
15622750,742,Germany,Female,21,1,11429248,1,1,0,315204,0
15672056,710,Germany,Male,43,2,14008032,3,1,1,15790819,1
15812351,710,Spain,Female,27,2,13527796,1,1,0,14220015,0
15810864,700,France,Female,82,2,0,2,0,1,18205536,0
15677921,720,Germany,Male,60,9,11592062,2,0,0,15755208,1
15724296,684,Spain,Male,41,2,11978272,2,0,0,12028467,0
15685329,531,France,Female,63,1,11471571,1,0,1,2450695,1
15584091,742,Germany,Female,36,2,12974854,2,0,0,4727161,1
15640442,717,France,Male,31,4,12972257,1,0,0,411766,0
15639314,589,France,Male,32,2,0,2,0,1,946864,0
15685320,767,France,Male,36,3,1391802,1,0,0,12388019,0
15789158,636,Germany,Male,49,6,11359974,2,1,0,15888709,1
15752137,648,France,Male,33,7,134944,1,1,1,11703638,0
15712551,622,Germany,Female,58,7,11692225,1,1,0,12041561,1
15628936,692,Spain,Male,28,9,11894509,1,0,0,1606425,1
15797227,754,France,Male,28,8,0,2,1,1,5261562,0
15769974,679,Spain,Female,35,8,11918273,1,0,0,12121009,0
15737051,639,France,Male,27,8,0,2,1,0,19224735,0
15585595,774,France,Female,28,1,7126402,2,0,1,6875957,0
15654060,517,France,Male,41,2,0,2,0,1,7593747,0
15745196,571,France,Female,35,8,0,2,0,0,8456913,0
15571221,747,Germany,Male,58,7,11631357,1,1,1,19069635,1
15660155,792,Spain,Male,36,5,9214015,1,0,1,6746867,0
15605284,688,France,Male,26,1,0,2,1,1,10443594,0
15694366,714,Germany,Male,42,2,17764009,1,0,1,4716655,0
15600739,562,Spain,Female,35,0,0,2,1,0,11989952,0
15653253,704,Spain,Male,48,8,1679976,1,1,1,17349845,0
15763431,698,France,Male,36,2,8227535,2,1,1,9324926,0
15643696,611,France,Male,49,3,0,2,1,1,14291754,0
15707473,850,Germany,Female,48,6,11196299,1,1,0,1117558,0
15769504,743,Germany,Female,34,1,13173688,1,1,1,10854321,0
15776807,654,France,Male,29,1,0,1,1,0,18034544,0
15686870,761,Germany,Male,36,8,10823911,2,0,0,9944402,0
15668747,702,France,Female,46,9,9844419,1,0,1,10956328,0
15766908,488,Germany,Male,32,3,11454038,1,1,0,9256807,0
15570134,683,France,Female,35,6,18753066,2,1,1,3797636,0
15567367,601,Germany,Female,42,9,13363616,1,0,1,10331574,0
15747542,605,France,Male,52,7,0,2,1,1,1739525,0
15762238,671,Germany,Female,44,0,8474503,2,0,1,3467398,0
15681554,614,Germany,Female,31,7,12059938,2,1,1,4616344,0
15712825,511,Spain,Female,29,9,0,2,0,1,14067698,0
15640280,850,France,Male,39,4,12777135,2,0,1,15173854,0
15756026,790,Spain,Female,46,9,0,1,0,0,1467981,1
15613319,793,France,Female,33,0,0,1,0,0,17554402,0
15798906,628,France,Male,69,5,0,2,1,1,1819646,0
15708917,598,Germany,Male,53,10,16777296,1,1,1,13688686,0
15778463,657,France,Female,37,6,958456,1,1,0,12221823,0
15699430,618,France,Female,35,10,0,2,1,0,18043975,0
15649992,681,Spain,Male,65,7,1347147,2,0,1,19041981,0
15578980,516,Spain,Female,33,3,0,2,1,1,5868559,0
15775306,421,Germany,Male,28,8,12238422,3,1,1,8901738,1
15641655,700,France,Female,26,2,0,2,0,0,5005142,0
15619708,745,France,Male,25,5,15799315,2,1,0,14604145,0
15734565,696,France,Male,29,8,0,2,1,0,19116609,0
15806438,580,Germany,Female,42,2,12333136,1,0,0,10351608,1
15591969,497,Spain,Male,27,9,7526316,1,1,1,16482504,0
15747807,720,France,Female,43,6,13782403,2,1,0,17255777,0
15596939,659,Germany,Male,36,4,13257892,2,1,0,8432094,0
15716155,841,France,Female,36,5,15602131,1,0,0,12266298,0
15765311,642,Spain,Male,34,8,0,1,1,0,720851,0
15757811,732,Spain,Female,69,9,13745343,1,0,1,11093224,1
15603830,600,Spain,Male,36,4,0,2,1,0,14363536,0
15660602,464,Germany,Male,33,8,16428472,2,1,1,371034,0
15660535,680,France,Female,47,5,0,2,1,1,17984333,0
15666633,758,Spain,Male,56,1,0,2,1,1,1064338,0
15596914,630,Germany,Female,31,2,11237349,2,1,1,13116798,0
15639788,577,France,Female,39,10,0,2,1,0,1055331,0
15695846,684,France,Female,34,6,0,2,1,1,13092822,0
15726234,708,Spain,Female,41,5,0,1,0,1,15700399,0
15797964,732,Germany,Female,29,1,15433382,1,1,1,13852756,0
15625881,634,Germany,Male,37,3,11143277,2,1,1,16703249,0
15780628,633,France,Female,30,6,0,2,0,0,4164229,0
15575883,559,France,Male,34,2,13739011,2,1,0,9677,0
15585036,694,Spain,Female,37,3,0,2,1,1,14701222,0
15589488,686,Germany,Female,56,5,11164208,1,1,1,8055387,0
15585888,553,Spain,Female,48,3,0,1,0,1,3073095,1
15727915,507,France,Male,36,4,8354337,1,0,0,14013443,0
15707567,732,Germany,Male,50,6,14533876,1,0,0,919361,1
15737792,818,France,Female,31,1,18679637,1,0,0,17825263,0
15599433,660,Germany,Male,35,8,5864143,1,0,1,19867408,0
15672012,773,Spain,Female,41,5,0,1,1,0,282669,1
15806983,640,France,Male,44,3,13714868,1,1,0,9238101,0
15592222,505,France,Male,49,7,8000123,1,0,0,13518011,0
15608968,714,Germany,Male,21,6,8640252,2,0,0,2733059,0
15586959,468,France,Female,42,5,0,2,1,0,12530534,0
15646558,611,Spain,Male,51,1,12287474,1,1,1,14964845,0
15725811,705,France,Male,25,0,9754429,1,0,1,5988715,0
15572265,646,Germany,Male,46,1,17082655,2,1,0,4504132,0
15794048,667,Germany,Female,48,1,9713392,2,0,0,11331677,1
15677610,511,Germany,Female,41,8,15389565,1,1,1,3908742,0
15745012,653,France,Female,43,6,0,2,1,1,733059,0
15601589,675,France,Female,57,8,0,2,0,1,9546329,0
15686436,523,Spain,Male,32,4,0,2,1,0,16784802,0
15693864,567,Germany,Female,49,5,13495602,1,1,0,9395384,1
15760550,741,Spain,Male,39,7,14363758,2,0,1,17422766,0
15686137,456,Spain,Male,32,9,14750625,1,1,1,13539921,0
15809087,598,France,Male,64,1,0,2,1,0,1956353,1
15807663,667,France,Male,43,8,19022746,1,1,0,9750804,1
15809100,548,France,Female,32,2,17244877,1,1,0,18808377,1
15794916,725,France,Male,41,7,11398021,1,1,1,11670425,0
15614215,717,France,Male,53,6,0,2,0,1,9761487,0
15805449,594,France,Male,38,4,0,2,0,0,18688404,0
15686983,678,Germany,Female,25,10,7696812,2,0,1,13150172,0
15808017,545,France,Male,38,1,8829313,2,1,1,2430295,0
15756804,636,France,Female,48,1,17083346,1,1,0,11051028,1
15646810,603,Germany,Male,44,6,10812239,2,1,0,10848833,1
15710424,435,France,Male,36,4,0,1,1,1,1970152,0
15799422,535,France,Female,40,8,0,1,1,1,2768977,0
15692750,629,Germany,Female,45,7,12981839,3,1,0,921755,1
15794549,722,France,Female,35,2,16394389,2,1,1,1506818,0
15803764,561,France,Male,28,7,0,2,1,0,779701,0
15674840,645,France,Female,38,5,1014303,2,0,1,440032,0
15653762,501,France,Female,39,9,11730166,1,0,0,18202595,0
15581229,502,Germany,Female,32,1,17334083,1,0,1,12276395,0
15800228,652,Spain,Female,42,4,0,2,1,1,3815201,0
15656333,574,France,Female,33,3,13434857,1,1,0,6316399,0
15697497,518,France,Female,45,9,10552565,2,1,1,7341829,0
15585362,749,France,Female,60,6,0,1,1,0,1797868,1
15571928,679,France,Female,43,4,0,3,1,0,11513651,1
15785519,565,France,Male,36,6,1061921,1,1,0,14957559,0
15743007,643,France,Female,45,4,4514443,1,1,0,6091724,1
15777211,515,France,Male,65,7,9211361,1,1,1,14254833,0
15721935,521,France,Male,25,7,0,2,1,1,15787867,0
15591711,739,Spain,Male,38,0,12836644,1,1,0,1279643,0
15625021,585,France,Male,42,2,0,2,1,1,1865777,0
15702968,733,Germany,Male,74,3,10654553,1,1,1,13458958,0
15600462,542,France,Female,43,8,14561837,1,0,1,1035074,0
15768104,788,Spain,Male,37,8,14154125,1,0,0,6601327,0
15780140,435,Germany,Male,32,2,5701706,2,1,1,590711,0
15585255,577,France,Male,42,9,0,1,1,0,7407791,0
15772781,703,France,Female,51,3,0,3,1,1,7729456,1
15669987,728,Germany,Female,35,8,12588495,2,1,0,5435902,1
15697000,728,Germany,Male,32,5,618255,1,1,1,15612493,0
15733119,718,France,Male,35,8,0,2,1,0,9482085,0
15782390,621,France,Female,40,6,0,1,1,0,15515525,0
15654700,523,France,Female,40,2,10296741,1,1,0,1287021,1
15632210,657,Germany,Male,25,2,17177055,1,1,0,227455,0
15642041,727,Germany,Male,40,1,9305164,2,1,0,7186531,1
15709737,643,France,Male,36,7,16106464,2,0,1,8429482,0
15792388,645,France,Female,48,7,9061234,1,1,1,14913913,0
15786014,568,France,Male,28,5,14510564,2,1,0,18548911,0
15794580,599,France,Male,58,4,0,1,0,0,17640715,1
15675964,672,France,Female,45,9,0,1,1,1,9202769,1
15814275,685,France,Male,33,6,17491272,1,1,1,4393254,0
15724848,516,France,Female,46,1,10494772,1,1,0,11578925,1
15754713,685,Spain,Male,31,10,13521371,1,1,1,12577728,0
15693814,806,Spain,Male,25,7,0,2,1,0,184619,0
15599660,604,France,Male,36,6,11622985,2,1,1,7963338,0
15746490,648,Spain,Female,53,6,11120141,1,1,1,12154229,0
15566091,545,Spain,Female,32,4,0,1,1,0,947392,0
15655961,756,Germany,Male,27,1,131899,1,1,0,9330229,0
15710404,569,France,Male,35,10,12452552,1,1,1,19379378,0
15775625,596,France,Male,47,6,0,1,1,0,7483565,0
15792328,475,France,Male,39,6,0,1,1,1,569999,1
15719856,646,France,Female,45,3,4713475,1,1,1,5723644,0
15593773,784,Spain,Male,35,3,0,2,0,0,8148364,0
15733114,552,Spain,Male,45,9,0,2,1,0,2675256,0
15797748,729,France,Male,44,5,0,2,0,1,920054,0
15743411,609,Spain,Male,61,1,0,1,1,0,2244785,1
15753337,555,France,Male,51,5,0,3,1,0,18912289,1
15601026,572,Germany,Female,19,1,13865708,1,1,1,1616182,0
15658485,785,France,Female,34,9,7030248,1,1,1,6860036,0
15636731,714,Germany,Female,36,1,10160901,2,1,1,44773,0
15628303,738,Spain,Male,35,3,0,1,1,1,1565073,0
15633461,639,Germany,Male,38,5,13017082,1,1,1,14959962,0
15677135,520,Germany,Male,61,8,13380229,2,1,1,9030401,0
15590876,764,France,Female,24,7,10623402,1,0,0,11567638,0
15790782,661,Spain,Male,39,6,13262898,1,0,0,3881267,0
15700476,564,Germany,Male,41,9,10352275,2,1,1,3433821,0
15634141,708,Germany,Female,42,8,19239052,2,1,0,82336,0
15737795,512,Spain,Male,36,1,0,1,0,1,13548226,1
15790299,592,Spain,Male,37,9,0,3,1,1,1065689,0
15675316,619,France,Female,38,3,0,2,0,1,11646735,0
15613630,775,France,Male,52,8,10992261,1,1,1,9682332,1
15662100,850,Germany,Female,44,5,12860532,1,0,1,1710962,0
15668032,577,France,Female,37,4,0,1,1,1,7988139,0
15599289,724,France,Female,37,10,6859856,1,1,0,15786282,0
15754084,710,Spain,Male,35,1,10651852,1,1,1,12795181,0
15676521,696,France,Female,31,8,0,2,0,0,19107411,0
15804586,376,France,Female,46,6,0,1,1,0,15733369,1
15781465,675,Germany,Female,29,8,12132642,1,1,0,13345752,0
15729362,745,France,Male,36,8,6722637,1,1,0,1307896,0
15709295,697,Spain,Female,25,5,8293185,2,1,1,12837388,0
15745324,599,Spain,Female,39,4,0,1,1,0,1942732,1
15741336,715,France,Female,38,5,11859041,1,1,1,568417,1
15783659,659,France,Male,67,4,14598187,1,1,1,1310432,0
15620981,684,France,Female,48,3,7330938,1,0,0,2122834,1
15630328,635,France,Female,48,8,13079633,2,1,1,432503,0
15785899,789,Germany,Male,33,8,15160756,1,1,0,43894,0
15606149,571,Germany,Female,66,9,11157701,1,0,1,1892719,0
15671139,694,Spain,Male,39,0,10704274,1,1,1,1022842,0
15660429,665,Spain,Female,42,2,15637161,2,0,1,15677494,1
15571002,706,France,Female,44,4,12960599,1,0,0,6986549,0
15631681,807,Spain,Female,43,0,0,2,0,1,8552324,0
15731522,771,Spain,Female,67,8,0,2,1,1,512198,0
15619529,531,Spain,Male,27,8,13257625,1,0,0,722292,0
15628034,629,France,Female,37,6,1291013,1,1,1,2397133,0
15686164,850,Germany,Female,31,1,1088224,1,1,1,13217331,0
15582797,685,Spain,Male,35,4,13794851,1,1,0,11363964,0
15753831,642,Spain,Male,32,7,1004338,1,1,1,3976859,0
15731815,529,Spain,Male,63,4,9613411,3,1,0,10873296,1
15580956,683,Germany,Female,43,4,11588804,1,1,1,11734919,1
15602084,663,France,Female,42,5,12462607,1,1,1,780045,0
15589805,563,France,Female,34,6,13981034,1,1,1,15241779,0
15720893,637,Spain,Female,34,9,0,2,0,0,2605708,0
15641009,544,France,Male,37,3,8449671,1,0,0,7997209,0
15605926,649,Germany,Male,70,9,11685471,2,0,1,10712579,0
15805955,638,France,Female,48,10,13833303,1,1,1,4767914,0
15801488,723,France,Male,25,3,0,2,1,1,13450947,0
15605918,635,Germany,Male,43,5,7899275,2,0,0,15326531,0
15779711,750,Spain,Female,38,7,9725741,2,0,1,17988304,0
15705620,730,France,Male,34,5,12245337,2,1,0,13888298,0
15685357,750,Spain,Female,36,8,11294007,1,0,1,985581,0
15570060,586,France,Female,43,8,13255826,1,1,0,6704683,1
15582616,520,France,Female,38,4,0,2,1,0,5638863,0
15799515,652,France,Female,48,8,13329724,1,1,0,7776437,0
15642937,550,France,Female,46,7,0,2,1,0,13059035,0
15624729,594,France,Male,27,0,1970418,1,0,0,15191249,0
15566156,749,Germany,Female,44,0,7149779,2,0,0,1510838,0
15792360,668,France,Male,32,7,0,2,1,1,77737,0
15807008,614,Germany,Female,35,6,12810028,1,0,0,6945424,1
15704770,773,France,Male,25,1,12453278,2,0,1,1172357,0
15756475,551,Germany,Male,31,9,8229382,2,1,1,9156525,0
15655339,566,France,Male,36,1,14212091,1,1,0,7961637,0
15613749,569,Spain,Male,34,0,15183926,1,1,0,10229981,1
15664521,659,Spain,Male,31,7,14962088,2,1,1,10453351,0
15681206,722,France,Female,49,3,16819766,1,1,0,14076557,1
15745527,655,France,Male,37,5,93147,2,1,0,6621413,0
15806926,615,France,Female,35,2,9744002,2,1,1,1398161,0
15724563,752,Germany,Female,42,3,6504608,2,0,1,14013928,0
15782899,661,Spain,Female,28,7,9535749,1,0,0,10229715,0
15623521,838,Spain,Male,43,9,12310588,2,1,0,14576583,0
15810218,610,Spain,Male,29,9,0,3,0,1,8391224,0
15645621,811,Spain,Male,44,3,0,2,0,1,7843973,0
15608114,587,Spain,Male,62,7,12128627,1,0,1,677692,0
15659557,811,Germany,Female,28,4,16773882,2,1,1,990342,0
15787772,759,France,Female,38,1,10409129,1,0,0,9156191,0
